The World''s First Love: Mary  Mother of God,1,8987059752,2,276,1996-09-01,1010
The Illuminati,2,20049130001,1,352,2004-10-04,1967
The Servant Leader,3,23755004321,1,128,2003-03-11,1967
What Life Was Like in the Jewel in the Crown: British India  AD 1600-1905,4,34406054602,1,168,1999-09-01,1978
Cliffs Notes on Aristophanes'' Lysistrata  The Birds  The Clouds  The Frogs,5,49086007763,1,80,1983-12-29,416
Life Is a Dream and Other Spanish Classics (Eric Bentley''s Dramatic Repertoire,,,,,,
William Goldman: Four Screenplays,7,73999254907,2,504,2000-05-01,95
The Season: A Candid Look at Broadway,8,73999768442,1,448,2004-07-01,1136
The Beatles Complete - Updated Edition,9,73999960822,1,303,1986-12-01,835
Working Effectively with Legacy Code,10,76092025986,1,464,2004-09-01,1591
The Complete Anne of Green Gables Boxed Set (Anne of Green Gables  #1-8,,,,,,
Plants Bite Back! (DK Readers,,,,,,
The Book of Awakening: Having the Life You Want by Being Present to the Life You Have,13,645241001173,1,438,2000-05-31,435
Risotto: 30 Simply Delicious Vegetarian Recipes from an Italian Kitchen,14,694055000612,1,64,2001-03-01,1739
Prétear  Vol. 3 (Prétear  #3,,,,,,
The Mystery in the Rocky Mountains,16,710430023622,1,145,2001-04-01,354
The Mystery on the Mighty Mississippi,17,710430023639,1,142,2001-04-01,354
Programming in C,18,752063326664,1,576,2004-07-08,1749
PHP and MySQL Web Development (Developer''s Library,,,,,,
Manhunt Official Strategy Guide,20,752073003227,1,175,2003-11-25,313
Living La Dolce Vita: Bring the Passion  Laughter  and Serenity of Italy Into Your Daily Life,21,760789719271,1,272,2003-04-01,1859
Aliens: Original Sin,22,761568107371,1,256,2005-10-26,490
The Zen of CSS Design: Visual Enlightenment for the Web,23,785342303476,2,296,2005-02-17,1461
Algorithms in C  Parts 1-4: Fundamentals  Data Structures  Sorting  Searching,24,785342314526,5,720,1997-09-27,34
Healing Therapies for Overcoming Insomnia,25,798499100096,1,175,2005-02-23,479
The Prophet,26,9780001000391,1,127,2010-01-01,1735
Sam And The Firefly (Beginner Books,,,,,,
After the Funeral,28,9780002310192,1,251,2001-07-02,882
Sleeping Murder (Miss Marple  #13,,,,,,
The One Tree (The Second Chronicles of Thomas Covenant  #2,,,,,,
The Great And Secret Show (Book of the Art #1,,,,,,
Rage of Angels,32,9780006178736,1,512,1999-08-03,889
The Four Loves,33,9780006280897,2,170,2002-06-05,891
Divine Conspiracy: Rediscovering Our Hidden Life in God,34,9780006281146,2,384,1998-10-05,730
Agatha Christie: An Autobiography,35,9780006353287,1,560,2001-01-02,882
Empires of the Monsoon: A History of the Indian Ocean and Its Invaders,36,9780006380832,1,608,1998-01-01,889
Executive Orders (Jack Ryan  #8,,,,,,
